{
  "epoch": 19,
  "val_accuracy": 0.9667420387268066,
  "loss": 0.016009885010379307,
  "accuracy": 0.9758544564247131,
  "mae": 0.10211968421936035,
  "val_loss": 0.014594429530237004,
  "val_mae": 0.11841321736574173,
  "lr": 1.249999968422344e-06
}